index_label,證劵代號,證劵名稱,外資買賣超張數,投信買賣超張數,自營商買賣超張數,自營商(自營部)買賣超張數,自營商(避險)買賣超張數,三大法人買賣超張數
1,00637L,元大滬深300正2  ,13417,-15,73835,4523,69312,87237
2,3481,群創            ,64813,0,15403,1037,14366,80216
3,2409,友達            ,57521,-29,13736,2268,11468,71228
4,2344,華邦電          ,20203,-12,1756,880,876,21947
5,0056,元大高股息      ,-1,-124,21352,0,21352,21227
6,2888,新光金          ,19368,-120,1797,989,808,21045
7,00633L,富邦上証正2     ,3619,4,16920,2310,14610,20543
8,2317,鴻海            ,15456,-81,2605,1694,911,17980
9,00655L,國泰中國A50正2  ,729,0,15036,0,15036,15765
10,2303,聯電            ,17259,-1317,-1310,-1607,296,14632
11,2330,台積電          ,11930,-8,945,101,844,12867
12,2337,旺宏            ,9100,0,1106,140,966,10206
13,2882,國泰金          ,10272,-97,-35,0,-35,10140
14,2883,開發金          ,33733,-140,-23574,-844,-22730,10019
15,2002,中鋼            ,9880,-132,138,138,0,9886
16,2887,台新金          ,9827,-101,-103,115,-218,9623
17,2892,第一金          ,9330,-105,108,108,0,9333
18,2323,中環            ,6253,0,2400,1882,518,8653
19,1314,中石化          ,8107,-10,397,28,369,8494
20,2890,永豐金          ,9658,-106,-1080,-1081,1,8472
21,2884,玉山金          ,8404,-110,79,75,4,8373
22,0050,元大台灣50      ,1908,0,6100,633,5467,8008
23,00636,國泰中國A50     ,2325,0,5334,-10,5344,7659
24,2880,華南金          ,7428,-99,63,63,0,7392
25,2834,臺企銀          ,6641,-53,123,111,12,6711
26,0061,元大寶滬深      ,1955,0,4570,1690,2880,6525
27,2823,中壽            ,6671,-34,-163,21,-184,6474
28,00850,元大臺灣ESG永續 ,54,0,5645,0,5645,5699
29,1303,南亞            ,5071,-62,557,435,122,5566
30,2891,中信金          ,11439,1946,-7831,-7842,11,5554
31,2885,元大金          ,5330,-111,99,176,-77,5318
32,00861,元大全球未來通訊,2,0,5111,0,5111,5113
33,2881,富邦金          ,5356,-82,-162,58,-220,5112
34,2448,晶電            ,5430,250,-637,-637,0,5043
35,2889,國票金          ,4902,0,46,46,0,4948
36,2324,仁寶            ,5056,-41,-243,899,-1142,4772
37,6116,彩晶            ,2094,0,2673,38,2635,4767
38,5880,合庫金          ,4707,-103,79,79,0,4683
39,2349,錸德            ,4539,0,4,4,0,4543
40,006205,富邦上証        ,2136,-900,3207,350,2857,4443
41,8150,南茂            ,4806,0,-449,9,-458,4357
42,2363,矽統            ,3995,0,17,17,0,4012
43,2886,兆豐金          ,4343,-241,-463,59,-522,3639
44,2801,彰銀            ,3371,-73,254,150,104,3552
45,2498,宏達電          ,2855,0,686,26,660,3541
46,2618,長榮航          ,3246,-32,168,62,106,3382
47,2308,台達電          ,3166,-21,110,141,-31,3255
48,2603,長榮            ,630,-15,2564,2561,3,3179
49,2449,京元電子        ,-1238,4347,-7,263,-270,3101
50,1309,台達化          ,2965,0,132,132,0,3097
51,2313,華通            ,2747,-596,922,707,215,3073
52,00739,元大MSCI A股    ,0,0,2960,0,2960,2960
53,2841,台開            ,2937,0,14,14,0,2951
54,9904,寶成            ,2670,-27,250,149,101,2893
55,2458,義隆            ,2806,-166,234,386,-152,2874
56,2353,宏碁            ,2201,-20,655,625,30,2836
57,00669R,國泰美國道瓊反1 ,252,0,2492,0,2492,2744
58,1909,榮成            ,2627,0,75,70,5,2702
59,00692,富邦公司治理    ,2,0,2609,0,2609,2611
60,6005,群益證          ,2601,-15,0,0,0,2586
61,2392,正崴            ,1831,0,747,230,517,2578
62,2347,聯強            ,2886,0,-426,-11,-415,2460
63,6505,台塑化          ,2326,-38,166,165,1,2454
64,2105,正新            ,2376,-12,70,70,0,2434
65,2456,奇力新          ,1978,0,440,73,367,2418
66,00643,群益深証中小    ,727,0,1678,90,1588,2405
67,3019,亞光            ,1514,0,890,486,404,2404
68,3673,TPK-KY          ,2036,0,352,-11,363,2388
69,2412,中華電          ,2344,-79,103,103,0,2368
70,3038,全台            ,2296,0,62,62,0,2358
71,3706,神達            ,2234,0,66,4,62,2300
72,2867,三商壽          ,2257,0,26,26,0,2283
73,3035,智原            ,2524,-50,-269,-131,-138,2205
74,2354,鴻準            ,2166,0,34,34,0,2200
75,2408,南亞科          ,2085,-62,159,87,72,2182
76,1907,永豐餘          ,2029,0,11,11,0,2040
77,2515,中工            ,1962,0,69,50,19,2031
78,3042,晶技            ,873,361,796,286,510,2030
79,5871,中租-KY         ,1911,80,38,22,16,2029
80,2312,金寶            ,1879,0,73,22,51,1952
81,2838,聯邦銀          ,1843,0,57,57,0,1900
82,2454,聯發科          ,2126,-17,-247,-33,-214,1862
83,5471,松翰            ,1822,0,35,3,32,1857
84,2104,國際中橡        ,1733,0,101,22,79,1834
85,2102,泰豐            ,1818,0,10,10,0,1828
86,2014,中鴻            ,1779,0,37,37,0,1816
87,2342,茂矽            ,1789,0,4,4,0,1793
88,1305,華夏            ,1681,0,109,109,0,1790
89,1402,遠東新          ,1672,-43,159,95,64,1788
90,2812,台中銀          ,1689,0,65,65,0,1754
91,006207,FH滬深          ,1160,0,462,80,382,1622
92,1312,國喬            ,1568,0,39,35,4,1607
93,00783,富邦中証500     ,995,0,609,0,609,1604
94,2377,微星            ,2029,17,-448,-254,-194,1598
95,4904,遠傳            ,1528,-53,122,121,1,1597
96,1718,中纖            ,1538,0,50,50,0,1588
97,2369,菱生            ,1530,0,12,12,0,1542
98,2535,達欣工          ,1092,0,436,431,5,1528
99,6153,嘉聯益          ,999,0,528,86,442,1527
100,2845,遠東銀          ,1487,-24,58,58,0,1521
101,2855,統一證          ,1508,0,0,0,0,1508
102,00648R,元大S&P500反1   ,120,0,1380,0,1380,1500
103,3189,景碩            ,1647,-10,-145,-157,12,1492
104,006206,元大上證50      ,576,0,908,20,888,1484
105,2352,佳世達          ,1516,-6,-43,-86,43,1467
106,8016,矽創            ,1273,1,175,25,150,1449
107,2401,凌陽            ,1367,0,76,76,0,1443
108,2614,東森            ,1431,0,10,10,0,1441
109,00752,中信中國50      ,10,0,1413,0,1413,1423
110,4935,茂林-KY         ,1004,-16,430,73,357,1418
111,4968,立積            ,1345,27,25,-26,51,1397
112,1326,台化            ,1937,-41,-517,-515,-2,1379
113,2489,瑞軒            ,1326,0,29,29,0,1355
114,1605,華新            ,2498,-10,-1137,75,-1212,1351
115,2610,華航            ,1237,-17,103,83,20,1323
116,00639,富邦深100       ,181,0,1136,180,956,1317
117,1802,台玻            ,1172,0,135,135,0,1307
118,8213,志超            ,1050,0,255,4,251,1305
119,2520,冠德            ,1188,0,85,62,23,1273
120,6592,和潤企業        ,1167,0,63,57,6,1230
121,2820,華票            ,1198,0,8,8,0,1206
122,2481,強茂            ,1376,0,-186,-190,4,1190
123,2505,國揚            ,1030,0,144,2,142,1174
124,8163,達方            ,976,-1,175,11,164,1150
125,00651R,FH香港反1       ,-945,0,2093,0,2093,1148
126,2027,大成鋼          ,1054,0,75,50,25,1129
127,6278,台表科          ,444,55,625,544,81,1124
128,3682,亞太電          ,1123,0,0,0,0,1123
129,3702,大聯大          ,1687,-5,-569,-43,-526,1113
130,1101,台泥            ,1738,-33,-597,-106,-491,1108
131,00671R,富邦NASDAQ反1   ,71,0,1028,0,1028,1099
132,2897,王道銀行        ,1103,-8,1,1,0,1096
133,2478,大毅            ,641,0,448,18,430,1089
134,2340,光磊            ,1010,0,49,19,30,1059
135,2101,南港            ,886,0,143,34,109,1029
136,1103,嘉泥            ,1012,0,14,14,0,1026
137,2393,億光            ,927,0,85,15,70,1012
138,1609,大亞            ,974,-3,20,20,0,991
139,3338,泰碩            ,686,-220,520,74,446,986
140,4119,旭富            ,875,0,100,-1,101,975
141,3052,夆典            ,971,0,0,0,0,971
142,2455,全新            ,572,64,326,16,310,962
143,1313,聯成            ,933,0,26,26,0,959
144,2633,台灣高鐵        ,824,-23,154,174,-20,955
145,6213,聯茂            ,1214,-165,-108,-193,85,941
146,1304,台聚            ,910,0,14,14,0,924
147,8046,南電            ,1113,0,-197,-86,-111,916
148,3443,創意            ,114,742,52,78,-26,908
149,2108,南帝            ,773,0,134,134,0,907
150,2338,光罩            ,784,0,111,0,111,895
151,1201,味全            ,901,0,-8,0,-8,893
152,3698,隆達            ,728,0,165,288,-123,893
153,3090,日電貿          ,848,0,44,15,29,892
154,2474,可成            ,726,-5,156,60,96,877
155,2402,毅嘉            ,865,0,0,0,0,865
156,6120,達運            ,840,0,23,23,0,863
157,1514,亞力            ,850,0,1,1,0,851
158,9945,潤泰新          ,795,0,47,47,0,842
159,1905,華紙            ,797,0,39,39,0,836
160,4915,致伸            ,731,0,91,14,77,822
161,2601,益航            ,800,0,12,12,0,812
162,8215,明基材          ,796,0,9,9,0,805
163,2511,太子            ,777,0,25,25,0,802
164,2023,燁輝            ,728,0,71,71,0,799
165,3006,晶豪科          ,496,0,290,10,280,786
166,1519,華城            ,778,0,6,6,0,784
167,1515,力山            ,629,-6,148,-47,195,771
168,1789,神隆            ,896,-49,-79,-66,-13,768
169,3437,榮創            ,735,0,16,16,0,751
170,3023,信邦            ,732,-1,4,-6,10,735
171,2103,台橡            ,718,0,16,16,0,734
172,00701,國泰股利精選30  ,66,0,663,0,663,729
173,3596,智易            ,630,0,91,-9,100,721
174,2609,陽明            ,701,0,0,0,0,701
175,2345,智邦            ,155,585,-42,34,-76,698
176,3037,欣興            ,-1056,1912,-162,61,-223,694
177,6251,定穎            ,658,0,19,19,0,677
178,2426,鼎元            ,664,0,4,4,0,668
179,4906,正文            ,224,0,440,309,131,664
180,5388,中磊            ,648,0,11,6,5,659
181,4943,康控-KY         ,598,0,58,16,42,656
182,9938,百和            ,698,-150,107,41,66,655
183,2106,建大            ,638,0,14,14,0,652
184,1308,亞聚            ,631,0,9,9,0,640
185,3532,台勝科          ,553,-1,88,0,88,640
186,3515,華擎            ,797,72,-230,33,-263,639
187,2547,日勝生          ,622,0,14,14,0,636
188,3005,神基            ,1117,-178,-308,-91,-217,631
189,3036,文曄            ,499,-2,131,48,83,628
190,00642U,元大S&P石油     ,50,0,565,0,565,615
191,2316,楠梓電          ,623,0,-11,-57,46,612
192,2328,廣宇            ,576,0,34,34,0,610
193,1722,台肥            ,453,-5,162,34,128,610
194,2442,新美齊          ,597,-1,14,14,0,610
195,2723,美食-KY         ,567,-104,145,1,144,608
196,3413,京鼎            ,519,-15,103,-3,106,607
197,8110,華東            ,582,0,12,12,0,594
198,4106,雃博            ,592,0,1,1,0,593
199,3380,明泰            ,1740,0,-1150,-1254,104,590
200,1444,力麗            ,563,0,25,25,0,588
201,6271,同欣電          ,617,-103,65,131,-66,579
202,2453,凌群            ,478,0,101,101,0,579
203,2905,三商            ,560,0,18,18,0,578
204,2208,台船            ,566,0,8,8,0,574
205,3060,銘異            ,564,0,0,0,0,564
206,2537,聯上發          ,563,0,0,0,0,563
207,2634,漢翔            ,525,-3,40,17,23,562
208,1218,泰山            ,551,0,11,0,11,562
209,1417,嘉裕            ,551,0,3,3,0,554
210,00830,國泰費城半導體  ,843,0,-292,0,-292,551
211,2388,威盛            ,546,0,0,0,0,546
212,3026,禾伸堂          ,619,-150,75,12,63,544
213,2399,映泰            ,522,0,11,11,0,533
214,00640L,富邦日本正2     ,0,0,518,0,518,518
215,6282,康舒            ,468,0,45,44,1,513
216,2395,研華            ,515,-4,1,1,0,512
217,3533,嘉澤            ,287,0,218,86,132,505
218,3665,貿聯-KY         ,370,299,-170,-181,11,499
219,2368,金像電          ,1318,-65,-759,143,-902,494
220,1708,東鹼            ,481,0,2,2,0,483
221,6669,緯穎            ,567,-145,60,38,22,482
222,2484,希華            ,477,0,2,2,0,479
223,2331,精英            ,471,0,5,5,0,476
224,1710,東聯            ,461,0,10,10,0,471
225,00646,元大S&P500      ,0,0,466,93,373,466
226,5531,鄉林            ,421,0,39,39,0,460
227,1409,新纖            ,417,0,38,38,0,455
228,1701,中化            ,438,0,8,8,0,446
229,2355,敬鵬            ,417,0,26,34,-8,443
230,3034,聯詠            ,-24,626,-161,111,-272,440
231,1301,台塑            ,1042,-129,-478,-474,-4,435
232,4934,太極            ,431,0,0,0,0,431
233,8131,福懋科          ,453,-1,-25,7,-32,427
234,2301,光寶科          ,864,-52,-386,54,-440,426
235,8021,尖點            ,424,0,2,2,0,426
236,9939,宏全            ,394,-79,110,9,101,425
237,6443,元晶            ,418,0,0,0,0,418
238,1210,大成            ,307,0,106,106,0,413
239,00738U,元大道瓊白銀    ,45,0,365,0,365,410
240,2406,國碩            ,453,0,-53,-53,0,400
241,3406,玉晶光          ,428,-99,65,73,-8,394
242,2534,宏盛            ,389,0,5,5,0,394
243,2376,技嘉            ,602,181,-392,-16,-376,391
244,1319,東陽            ,393,0,-2,-2,0,391
245,6168,宏齊            ,381,0,4,4,0,385
246,00703,台新MSCI中國    ,0,0,382,0,382,382
247,3024,憶聲            ,380,0,0,0,0,380
248,6582,申豐            ,354,0,23,23,0,377
249,5522,遠雄            ,364,0,11,11,0,375
250,00713,元大台灣高息低波,49,0,323,0,323,372
251,1325,恆大            ,460,-72,-18,-18,0,370
252,6558,興能高          ,362,0,1,1,0,363
253,1598,岱宇            ,368,0,-6,-6,0,362
254,2031,新光鋼          ,359,0,3,3,0,362
255,2461,光群雷          ,337,0,5,5,0,342
256,5519,隆大            ,339,0,0,0,0,339
257,2375,凱美            ,312,0,25,3,22,337
258,4133,亞諾法          ,333,0,1,1,0,334
259,2204,中華            ,331,0,-3,-3,0,328
260,8103,瀚荃            ,324,0,3,3,0,327
261,2836,高雄銀          ,311,0,14,14,0,325
262,9944,新麗            ,323,0,2,2,0,325
263,1455,集盛            ,313,0,10,10,0,323
264,8271,宇瞻            ,445,0,-123,-123,0,322
265,2912,統一超          ,300,-6,27,28,-1,321
266,6226,光鼎            ,317,0,4,4,0,321
267,9914,美利達          ,263,153,-96,-96,0,320
268,3605,宏致            ,314,0,4,4,0,318
269,2501,國建            ,302,0,11,11,0,313
270,2362,藍天            ,308,0,2,2,0,310
271,2492,華新科          ,291,-342,360,146,214,309
272,2923,鼎固-KY         ,299,0,7,7,0,306
273,9919,康那香          ,303,0,2,2,0,305
274,00737,國泰AI+Robo     ,411,0,-107,0,-107,304
275,00875,國泰網路資安    ,165,0,136,0,136,301
276,6142,友勁            ,251,0,44,44,0,295
277,2538,基泰            ,288,0,1,1,0,289
278,3705,永信            ,281,0,7,4,3,288
279,2471,資通            ,285,0,3,3,0,288
280,3030,德律            ,283,0,3,3,0,286
281,1612,宏泰            ,285,0,0,0,0,285
282,3209,全科            ,278,0,2,2,0,280
283,8210,勤誠            ,234,0,43,0,43,277
284,6416,瑞祺電通        ,161,92,24,73,-49,277
285,1216,統一            ,319,-49,3,0,3,273
286,8464,億豐            ,259,-1,14,5,9,272
287,6412,群電            ,265,-1,8,8,0,272
288,1447,力鵬            ,242,0,29,29,0,271
289,3703,欣陸            ,163,0,106,106,0,269
290,1452,宏益            ,231,0,37,37,0,268
291,00762,元大全球AI      ,0,0,264,0,264,264
292,1464,得力            ,259,0,4,2,2,263
293,2428,興勤            ,181,0,81,1,80,262
294,4532,瑞智            ,304,0,-43,-43,0,261
295,5607,遠雄港          ,291,0,-30,3,-33,261
296,2913,農林            ,237,0,23,23,0,260
297,2049,上銀            ,148,-1,110,21,89,257
298,6230,超眾            ,315,-236,177,-3,180,256
299,1736,喬山            ,231,0,24,5,19,255
300,1522,堤維西          ,247,0,6,6,0,253
301,5534,長虹            ,251,0,0,0,0,251
302,00728,第一金工業30    ,0,0,251,0,251,251
303,4976,佳凌            ,243,0,7,7,0,250
304,4927,泰鼎-KY         ,-251,420,77,-319,396,246
305,4967,十銓            ,245,0,1,1,0,246
306,4536,拓凱            ,15,167,62,31,31,244
307,1104,環泥            ,230,0,12,12,0,242
308,1307,三芳            ,232,0,8,8,0,240
309,1709,和益            ,234,0,2,2,0,236
310,1532,勤美            ,222,0,12,12,0,234
311,3031,佰鴻            ,230,0,4,4,0,234
312,3015,全漢            ,232,0,2,2,0,234
313,2467,志聖            ,230,0,2,2,0,232
314,8926,台汽電          ,315,-1,-84,-75,-9,230
315,6166,凌華            ,187,0,41,6,35,228
316,2414,精技            ,224,0,3,3,0,227
317,0054,元大台商50      ,0,0,227,0,227,227
318,6552,易華電          ,239,0,-13,2,-15,226
319,2107,厚生            ,222,0,4,4,0,226
320,1449,佳和            ,217,0,0,0,0,217
321,6202,盛群            ,194,0,21,5,16,215
322,1590,亞德客-KY       ,192,-62,81,24,57,211
323,1762,中化生          ,302,-96,4,4,0,210
324,2608,嘉里大榮        ,202,0,7,7,0,209
325,2849,安泰銀          ,204,0,5,5,0,209
326,2206,三陽工業        ,165,0,43,43,0,208
327,5876,上海商銀        ,152,0,55,51,4,207
328,5243,乙盛-KY         ,214,0,-8,-8,0,206
329,8404,百和興業-KY     ,196,0,6,6,0,202
330,9935,慶豐富          ,195,0,6,6,0,201
331,00730,富邦臺灣優質高息,0,0,199,0,199,199
332,2207,和泰車          ,201,-2,-3,-3,0,196
333,3694,海華            ,189,0,7,7,0,196
334,1416,廣豐            ,194,0,2,2,0,196
335,1460,宏遠            ,179,0,12,12,0,191
336,2704,國賓            ,184,0,4,4,0,188
337,1506,正道            ,186,0,1,1,0,187
338,1714,和桐            ,173,0,9,9,0,182
339,1217,愛之味          ,179,0,0,0,0,179
340,1773,勝一            ,33,0,145,126,19,178
341,9940,信義            ,152,0,24,24,0,176
342,8429,金麗-KY         ,175,0,1,1,0,176
343,1717,長興            ,62,-7,119,-125,244,174
344,2017,官田鋼          ,156,0,17,17,0,173
345,2427,三商電          ,166,0,6,6,0,172
346,4306,炎洲            ,155,0,14,14,0,169
347,2485,兆赫            ,172,0,-3,-3,0,169
348,3661,世芯-KY         ,274,-99,-6,-10,4,169
349,3257,虹冠電          ,167,0,1,1,0,168
350,00690,兆豐藍籌30      ,-1,0,168,0,168,167
351,6155,鈞寶            ,166,0,0,0,0,166
352,5269,祥碩            ,129,27,9,11,-2,165
353,2524,京城            ,151,0,14,14,0,165
354,1108,幸福            ,165,0,0,0,0,165
355,3048,益登            ,166,0,-1,-1,0,165
356,020015,統一MSCI美低波N ,0,0,164,0,164,164
357,00670L,富邦NASDAQ正2   ,-40,0,204,0,204,164
358,6672,騰輝電子-KY     ,156,0,7,7,0,163
359,6591,動力-KY         ,165,0,-2,-2,0,163
360,3518,柏騰            ,160,0,2,2,0,162
361,6541,泰福-KY         ,155,0,6,6,0,161
362,6414,樺漢            ,181,-5,-17,-17,0,159
363,2405,浩鑫            ,157,0,0,0,0,157
364,3044,健鼎            ,-1594,316,1434,79,1355,156
365,1604,聲寶            ,120,0,35,35,0,155
366,6283,淳安            ,144,0,6,6,0,150
367,2706,第一店          ,130,0,19,19,0,149
368,9908,大台北          ,129,0,20,20,0,149
369,4426,利勤            ,146,0,2,2,0,148
370,1614,三洋電          ,145,0,3,3,0,148
371,00641R,富邦日本反1     ,0,0,144,0,144,144
372,2419,仲琦            ,136,0,7,7,0,143
373,4942,嘉彰            ,141,0,2,2,0,143
374,1712,興農            ,191,0,-48,-48,0,143
375,8462,柏文            ,132,0,10,1,9,142
376,3645,達邁            ,141,0,0,0,0,141
377,3027,盛達            ,139,0,2,2,0,141
378,5305,敦南            ,126,0,14,14,0,140
379,2539,櫻花建          ,132,0,8,8,0,140
380,2852,第一保          ,137,0,3,3,0,140
381,3311,閎暉            ,137,0,2,2,0,139
382,2495,普安            ,123,0,15,15,0,138
383,3543,州巧            ,138,0,0,0,0,138
384,3583,辛耘            ,136,0,1,1,0,137
385,1316,上曜            ,135,0,2,2,0,137
386,1760,寶齡富錦        ,86,0,50,50,0,136
387,6451,訊芯-KY         ,132,0,1,6,-5,133
388,2468,華經            ,130,0,2,2,0,132
389,4104,佳醫            ,134,0,-3,-3,0,131
390,1733,五鼎            ,124,0,6,6,0,130
391,3059,華晶科          ,120,0,10,10,0,130
392,3504,揚明光          ,127,0,2,4,-2,129
393,3010,華立            ,177,0,-49,-49,0,128
394,6165,捷泰            ,127,0,0,0,0,127
395,6525,捷敏-KY         ,126,0,1,1,0,127
396,3231,緯創            ,-10642,2351,8418,992,7426,126
397,6224,聚鼎            ,124,0,2,2,0,126
398,1315,達新            ,65,0,60,4,56,125
399,1435,中福            ,125,0,0,0,0,125
400,1589,永冠-KY         ,102,0,23,22,1,125
401,1528,恩德            ,122,0,2,2,0,124
402,3419,譁裕            ,104,0,20,20,0,124
403,2034,允強            ,118,0,6,6,0,124
404,00743,國泰中國A150    ,0,0,123,0,123,123
405,6668,中揚光          ,123,0,0,0,0,123
406,2433,互盛電          ,110,0,13,13,0,123
407,6452,康友-KY         ,117,0,6,1,5,123
408,1321,大洋            ,114,0,8,8,0,122
409,2038,海光            ,118,0,4,4,0,122
410,2516,新建            ,121,0,1,1,0,122
411,2606,裕民            ,28,-6,99,107,-8,121
412,2444,兆勁            ,121,0,0,0,0,121
413,6189,豐藝            ,119,0,2,2,0,121
414,2929,淘帝-KY         ,121,0,0,0,0,121
415,2851,中再保          ,110,0,11,11,0,121
416,3029,零壹            ,119,0,2,2,0,121
417,1904,正隆            ,2384,0,-2264,69,-2333,120
418,2705,六福            ,118,0,1,1,0,119
419,3607,谷崧            ,112,0,6,6,0,118
420,6214,精誠            ,107,0,11,11,0,118
421,4956,光鋐            ,115,0,2,2,0,117
422,2228,劍麟            ,120,0,-3,-9,6,117
423,1527,鑽全            ,114,0,2,2,0,116
424,2530,華建            ,106,0,7,7,0,113
425,5007,三星            ,106,0,6,6,0,112
426,2545,皇翔            ,101,0,10,10,0,111
427,2850,新產            ,112,0,-2,-2,0,110
428,2642,宅配通          ,104,0,5,5,0,109
429,6024,群益期          ,109,0,0,0,0,109
430,2009,第一銅          ,97,0,10,10,0,107
431,5258,虹堡            ,110,0,-4,-4,0,106
432,1526,日馳            ,105,0,1,1,0,106
433,1337,再生-KY         ,104,0,2,2,0,106
434,5515,建國            ,93,0,11,11,0,104
435,2022,聚亨            ,103,0,1,1,0,104
436,3094,聯傑            ,102,0,1,1,0,103
437,1442,名軒            ,101,0,1,1,0,102
438,1507,永大            ,97,0,4,4,0,101
439,3376,新日興          ,-250,150,200,207,-7,100
440,1906,寶隆            ,96,0,2,2,0,98
441,4977,眾達-KY         ,149,-68,14,3,11,95
442,3530,晶相光          ,12,0,82,0,82,94
443,2908,特力            ,89,0,3,3,0,92
444,2605,新興            ,-70,0,162,162,0,92
445,2707,晶華            ,90,0,1,1,0,91
446,1730,花仙子          ,91,0,0,0,0,91
447,2527,宏璟            ,76,0,15,15,0,91
448,2404,漢唐            ,165,0,-75,-5,-70,90
449,1110,東泥            ,90,0,0,0,0,90
450,2450,神腦            ,80,0,10,10,0,90
451,3494,誠研            ,89,0,0,0,0,89
452,9902,台火            ,88,0,1,1,0,89
453,8463,潤泰材          ,86,0,2,2,0,88
454,6598,ABC-KY          ,87,0,0,0,0,87
455,9930,中聯資源        ,78,0,9,9,0,87
456,6183,關貿            ,69,0,17,2,15,86
457,5285,界霖            ,85,0,1,1,0,86
458,4938,和碩            ,998,-27,-886,-536,-350,85
459,020000,富邦特選蘋果N   ,0,0,85,0,85,85
460,2906,高林            ,81,0,3,3,0,84
461,1109,信大            ,84,0,0,0,0,84
462,00665L,富邦恒生國企正2 ,1,0,82,0,82,83
463,3588,通嘉            ,81,0,2,2,0,83
464,2329,華泰            ,69,0,14,15,-1,83
465,1340,勝悅-KY         ,81,0,2,2,0,83
466,2360,致茂            ,77,106,-101,-19,-82,82
467,00681R,元大美債20反1   ,0,0,81,0,81,81
468,6136,富爾特          ,80,0,1,1,0,81
469,2314,台揚            ,72,0,9,9,0,81
470,2007,燁興            ,73,0,7,7,0,80
471,2390,云辰            ,73,0,7,7,0,80
472,1808,潤隆            ,67,0,12,12,0,79
473,6531,愛普            ,86,0,-7,1,-8,79
474,3013,晟銘電          ,78,0,0,0,0,78
475,1338,廣華-KY         ,77,0,1,0,1,78
476,3028,增你強          ,76,0,2,2,0,78
477,1419,新紡            ,74,0,3,3,0,77
478,2486,一詮            ,75,0,1,1,0,76
479,1414,東和            ,70,0,5,5,0,75
480,2013,中鋼構          ,73,0,2,2,0,75
481,4552,力達-KY         ,74,0,0,0,0,74
482,1466,聚隆            ,2,0,72,2,70,74
483,1616,億泰            ,71,0,2,2,0,73
484,2832,台產            ,66,0,6,6,0,72
485,2239,英利-KY         ,72,0,0,0,0,72
486,8454,富邦媒          ,41,19,11,11,0,71
487,1806,冠軍            ,67,0,4,4,0,71
488,3018,同開            ,71,0,0,0,0,71
489,5203,訊連            ,66,0,4,4,0,70
490,9924,福興            ,67,0,3,3,0,70
491,2612,中航            ,68,0,1,1,0,69
492,3356,奇偶            ,68,0,1,1,0,69
493,1503,士電            ,61,0,7,7,0,68
494,2939,凱羿-KY         ,67,0,1,1,0,68
495,1707,葡萄王          ,73,0,-5,2,-7,68
496,1219,福壽            ,67,0,0,0,0,67
497,2227,裕日車          ,59,-1,9,9,0,67
498,6108,競國            ,67,0,0,0,0,67
499,9925,新保            ,43,0,24,24,0,67
500,1423,利華            ,6,0,60,5,55,66
501,020008,元大特股高息N   ,0,0,66,0,66,66
502,3050,鈺德            ,65,0,0,0,0,65
503,6192,巨路            ,64,0,1,1,0,65
504,1618,合機            ,61,0,3,3,0,64
505,2010,春源            ,57,0,7,7,0,64
506,1203,味王            ,64,0,0,0,0,64
507,2373,震旦行          ,60,0,4,4,0,64
508,5907,大洋-KY         ,62,0,1,1,0,63
509,3454,晶睿            ,63,0,0,0,0,63
510,1451,年興            ,62,0,1,1,0,63
511,1231,聯華食          ,63,0,0,0,0,63
512,6605,帝寶            ,62,0,1,1,0,63
513,2029,盛餘            ,48,0,12,12,0,60
514,1795,美時            ,58,0,2,2,0,60
515,2012,春雨            ,48,0,12,12,0,60
516,8499,鼎炫-KY         ,56,0,3,3,0,59
517,4526,東台            ,54,0,5,5,0,59
518,4148,全宇生技-KY     ,59,0,0,0,0,59
519,1537,廣隆            ,57,0,1,1,0,58
520,2911,麗嬰房          ,55,0,3,3,0,58
521,4137,麗豐-KY         ,47,0,11,4,7,58
522,2305,全友            ,54,0,4,4,0,58
523,1721,三晃            ,57,0,0,0,0,57
524,1903,士紙            ,56,0,0,0,0,56
525,2482,連宇            ,54,0,2,2,0,56
526,2441,超豐            ,39,-2,18,18,0,55
527,2597,潤弘            ,52,0,2,2,0,54
528,6698,旭暉應材        ,54,0,0,0,0,54
529,8033,雷虎            ,50,0,3,3,0,53
530,9927,泰銘            ,48,0,5,5,0,53
531,2701,萬企            ,49,0,4,4,0,53
532,3055,蔚華科          ,46,0,6,6,0,52
533,2617,台航            ,108,0,-57,-57,0,51
534,00731,FH富時高息低波  ,0,0,51,0,51,51
535,00675L,富邦臺灣加權正2 ,-63,0,113,0,113,50
536,2460,建通            ,45,0,5,5,0,50
537,4766,南寶            ,44,0,6,5,1,50
538,4581,光隆精密-KY     ,49,0,0,0,0,49
539,006208,富邦台50        ,-1,0,50,0,50,49
540,00674R,元大S&P黃金反1  ,0,0,48,0,48,48
541,4155,訊映            ,47,0,1,1,0,48
542,8261,富鼎            ,47,0,1,1,0,48
543,9937,全國            ,48,0,0,0,0,48
544,2420,新巨            ,47,0,1,1,0,48
545,910322,康師傅-DR       ,48,0,0,0,0,48
546,5234,達興材料        ,41,0,5,5,0,46
547,3149,正達            ,45,0,1,1,0,46
548,3296,勝德            ,45,0,1,1,0,46
549,3686,達能            ,46,0,0,0,0,46
550,00770,國泰北美科技    ,19,0,26,0,26,45
551,4739,康普            ,40,0,4,4,0,44
552,1809,中釉            ,43,0,1,1,0,44
553,2020,美亞            ,43,0,1,1,0,44
554,4999,鑫禾            ,41,0,2,2,0,43
555,00736,國泰新興市場    ,-134,0,176,0,176,42
556,6504,南六            ,78,-45,9,-2,11,42
557,2546,根基            ,41,0,0,0,0,41
558,4566,時碩工業        ,39,0,2,2,0,41
559,2506,太設            ,37,0,4,4,0,41
560,01009T,王道圓滿R1      ,0,0,40,40,0,40
561,2415,錩新            ,38,0,2,2,0,40
562,8996,高力            ,94,0,-54,-54,0,40
563,5288,豐祥-KY         ,39,0,1,1,0,40
564,1732,毛寶            ,39,0,0,0,0,39
565,2443,億麗            ,38,0,1,1,0,39
566,2028,威致            ,38,0,0,0,0,38
567,4540,全球傳動        ,37,0,1,1,0,38
568,6115,鎰勝            ,35,0,3,3,0,38
569,00678,群益NBI生技     ,38,0,0,0,0,38
570,3266,昇陽            ,36,0,2,2,0,38
571,8481,政伸            ,38,0,0,0,0,38
572,3591,艾笛森          ,37,0,0,0,0,37
573,00660,元大歐洲50      ,0,0,37,0,37,37
574,2613,中櫃            ,36,0,1,1,0,37
575,9934,成霖            ,33,0,3,3,0,36
576,1323,永裕            ,35,0,0,0,0,35
577,4545,銘鈺            ,33,0,2,2,0,35
578,1541,錩泰            ,30,0,5,5,0,35
579,2509,全坤建          ,30,0,5,5,0,35
580,9905,大華            ,27,0,7,7,0,34
581,00865B,國泰US短期公債  ,-10,0,44,0,44,34
582,1533,車王電          ,30,0,4,4,0,34
583,4919,新唐            ,50,-1,-16,8,-24,33
584,1459,聯發            ,32,0,1,1,0,33
585,1524,耿鼎            ,31,0,1,1,0,32
586,6133,金橋            ,26,0,6,6,0,32
587,3058,立德            ,28,0,4,4,0,32
588,2430,燦坤            ,23,0,9,9,0,32
589,2616,山隆            ,24,0,8,8,0,32
590,5525,順天            ,30,0,1,1,0,31
591,2611,志信            ,22,0,9,9,0,31
592,3312,弘憶股          ,31,0,0,0,0,31
593,2543,皇昌            ,29,0,2,2,0,31
594,1615,大山            ,27,0,3,3,0,30
595,2483,百容            ,25,0,5,5,0,30
596,2497,怡利電          ,25,0,5,5,0,30
597,3032,偉訓            ,28,0,2,2,0,30
598,1232,大統益          ,21,0,9,9,0,30
599,2528,皇普            ,29,0,0,0,0,29
600,9941,裕融            ,26,-1,4,4,0,29
601,1445,大宇            ,29,0,0,0,0,29
602,1473,台南            ,27,0,2,2,0,29
603,4952,凌通            ,28,0,1,1,0,29
604,4576,大銀微系統      ,25,0,3,3,0,28
605,2477,美隆電          ,26,0,2,2,0,28
606,6128,上福            ,26,0,2,2,0,28
607,6152,百一            ,28,0,0,0,0,28
608,1603,華電            ,26,0,2,2,0,28
609,1225,福懋油          ,28,0,0,0,0,28
610,1540,喬福            ,28,0,0,0,0,28
611,1713,國化            ,25,0,2,2,0,27
612,2397,友通            ,22,0,4,4,0,26
613,8443,阿瘦            ,25,0,1,1,0,26
614,1468,昶和            ,25,0,1,1,0,26
615,8473,山林水          ,24,0,2,2,0,26
616,2514,龍邦            ,15,0,11,11,0,26
617,2358,廷鑫            ,21,0,5,5,0,26
618,3679,新至陞          ,26,0,0,0,0,26
619,8411,福貞-KY         ,23,0,3,3,0,26
620,3501,維熹            ,23,0,3,3,0,26
621,00763U,街口道瓊銅      ,0,0,26,0,26,26
622,1443,立益            ,25,0,0,0,0,25
623,2380,虹光            ,24,0,1,1,0,25
624,1339,昭輝            ,25,0,0,0,0,25
625,2069,運錩            ,22,0,3,3,0,25
626,3004,豐達科          ,22,0,3,1,2,25
627,1592,英瑞-KY         ,22,0,3,3,0,25
628,3164,景岳            ,23,0,2,2,0,25
629,1235,興泰            ,25,0,0,0,0,25
630,1617,榮星            ,18,0,6,6,0,24
631,9942,茂順            ,24,0,0,0,0,24
632,2727,王品            ,23,0,1,1,0,24
633,4720,德淵            ,14,0,10,10,0,24
634,6216,居易            ,15,0,9,9,0,24
635,1776,展宇            ,22,0,2,2,0,24
636,2385,群光            ,247,-6,-218,30,-248,23
637,2440,太空梭          ,22,0,1,1,0,23
638,00735,國泰臺韓科技    ,0,0,23,0,23,23
639,1454,台富            ,20,0,3,3,0,23
640,00851,台新全球AI      ,0,0,23,0,23,23
641,9918,欣天然          ,26,0,-3,-3,0,23
642,2904,匯僑            ,23,0,0,0,0,23
643,00652,富邦印度        ,6,0,17,0,17,23
644,2015,豐興            ,18,0,5,5,0,23
645,4141,龍燈-KY         ,21,0,2,2,0,23
646,008201,BP上證50        ,0,0,22,0,22,22
647,2032,新鋼            ,22,0,0,0,0,22
648,6581,鋼聯            ,18,0,4,4,0,22
649,2739,寒舍            ,19,0,3,3,0,22
650,1432,大魯閣          ,22,0,0,0,0,22
651,01003T,兆豐新光R1      ,22,0,0,0,0,22
652,1456,怡華            ,22,0,0,0,0,22
653,1413,宏洲            ,22,0,0,0,0,22
654,5533,皇鼎            ,20,0,1,1,0,21
655,2702,華園            ,18,0,3,3,0,21
656,2540,愛山林          ,20,0,1,1,0,21
657,9926,新海            ,21,0,0,0,0,21
658,2423,固緯            ,18,0,3,3,0,21
659,00709,富邦歐洲        ,0,0,21,0,21,21
660,1463,強盛            ,15,0,6,6,0,21
661,4438,廣越            ,18,0,3,3,0,21
662,00654R,富邦印度反1     ,0,0,21,0,21,21
663,1525,江申            ,19,0,2,2,0,21
664,3550,聯穎            ,13,0,7,7,0,20
665,6164,華興            ,13,0,7,7,0,20
666,3617,碩天            ,38,-15,-3,-3,0,20
667,3346,麗清            ,16,0,4,4,0,20
668,911868,同方友友-DR     ,20,0,0,0,0,20
669,2630,亞航            ,16,0,4,4,0,20
670,3622,洋華            ,20,0,0,0,0,20
671,6184,大豐電          ,20,0,0,0,0,20
672,00714,群益道瓊美國地產,90,0,-70,0,-70,20
673,2910,統領            ,18,0,1,1,0,19
674,6464,台數科          ,16,0,3,3,0,19
675,3002,歐格            ,17,0,2,2,0,19
676,8478,東哥遊艇        ,13,0,6,6,0,19
677,8114,振樺電          ,14,0,5,5,0,19
678,6409,旭隼            ,17,0,2,2,0,19
679,3593,力銘            ,19,0,0,0,0,19
680,1220,台榮            ,19,0,0,0,0,19
681,6281,全國電          ,13,0,5,5,0,18
682,1446,宏和            ,18,0,0,0,0,18
683,6196,帆宣            ,84,0,-66,-99,33,18
684,4989,榮科            ,16,0,2,2,0,18
685,3701,大眾控          ,18,0,0,0,0,18
686,9929,秋雨            ,17,0,1,1,0,18
687,00688L,國泰20年美債正2 ,0,0,18,0,18,18
688,00766L,台新MSCI中國正2 ,0,0,18,0,18,18
689,1587,吉茂            ,17,0,0,0,0,17
690,2008,高興昌          ,16,0,1,1,0,17
691,1530,亞崴            ,15,0,2,2,0,17
692,2002A,中鋼特          ,0,0,17,17,0,17
693,1324,地球            ,12,0,5,5,0,17
694,3305,昇貿            ,16,0,1,1,0,17
695,8480,泰昇-KY         ,17,0,0,0,0,17
696,8072,陞泰            ,15,0,1,1,0,16
697,5484,慧友            ,16,0,0,0,0,16
698,1441,大東            ,9,0,7,7,0,16
699,6477,安集            ,8,0,8,8,0,16
700,4571,鈞興-KY         ,16,0,0,0,0,16
701,1583,程泰            ,16,0,0,0,0,16
702,3041,揚智            ,-450,0,466,466,0,16
703,1568,倉佑            ,15,0,0,0,0,15
704,1521,大億            ,13,0,2,2,0,15
705,1724,台硝            ,15,0,0,0,0,15
706,1727,中華化          ,15,0,0,0,0,15
707,1437,勤益控          ,15,0,0,0,0,15
708,1535,中宇            ,14,0,1,1,0,15
709,1470,大統新創        ,15,0,0,0,0,15
710,2488,漢平            ,14,0,1,1,0,15
711,2024,志聯            ,14,0,0,0,0,14
712,3021,鴻名            ,13,0,1,1,0,14
713,2115,六暉-KY         ,14,0,0,0,0,14
714,6655,科定            ,14,0,0,0,0,14
715,8374,羅昇            ,12,0,2,2,0,14
716,2901,欣欣            ,10,0,4,4,0,14
717,4764,雙鍵            ,12,0,2,2,0,14
718,3025,星通            ,13,0,1,1,0,14
719,8104,錸寶            ,14,0,0,0,0,14
720,1726,永記            ,11,0,3,3,0,14
721,2413,環科            ,9,0,5,5,0,14
722,1438,裕豐            ,14,0,0,0,0,14
723,2429,銘旺科          ,13,0,0,0,0,13
724,1611,中電            ,2,0,11,11,0,13
725,1805,寶徠            ,13,0,0,0,0,13
726,3167,大量            ,12,0,1,1,0,13
727,8482,商億-KY         ,13,0,0,0,0,13
728,9943,好樂迪          ,7,0,6,6,0,13
729,4144,康聯-KY         ,10,0,3,3,0,13
730,6579,研揚            ,11,0,2,2,0,13
731,6201,亞弘電          ,12,0,1,1,0,13
732,006203,元大MSCI台灣    ,1,0,12,0,12,13
733,1233,天仁            ,11,0,1,1,0,12
734,5284,jpp-KY          ,12,0,0,0,0,12
735,2748,雲品            ,12,0,0,0,0,12
736,00866,新光Shiller CAPE,0,0,12,0,12,12
737,1236,宏亞            ,10,0,1,1,0,11
738,1786,科妍            ,10,0,1,1,0,11
739,00706L,元大S&P日圓正2  ,0,0,11,0,11,11
740,3054,立萬利          ,10,0,1,1,0,11
741,1436,華友聯          ,11,0,0,0,0,11
742,4994,傳奇            ,13,0,-2,2,-4,11
743,2712,遠雄來          ,11,0,0,0,0,11
744,8222,寶一            ,11,0,0,0,0,11
745,3432,台端            ,6,0,5,5,0,11
746,4737,華廣            ,10,0,1,1,0,11
747,6491,晶碩            ,-6,0,17,15,2,11
748,1517,利奇            ,8,0,2,2,0,10
749,912000,晨訊科-DR       ,10,0,0,0,0,10
750,1725,元禎            ,10,0,0,0,0,10
751,1453,大將            ,10,0,0,0,0,10
752,3229,晟鈦            ,9,0,1,1,0,10
753,8367,建新國際        ,10,0,0,0,0,10
754,2033,佳大            ,9,0,1,1,0,10
755,8201,無敵            ,10,0,0,0,0,10
756,6671,三能-KY         ,9,0,0,0,0,9
757,4912,聯德控股-KY     ,9,0,0,0,0,9
758,1465,偉全            ,7,0,2,2,0,9
759,1410,南染            ,9,0,0,0,0,9
760,6442,光聖            ,9,0,0,0,0,9
761,6197,佳必琪          ,8,0,1,1,0,9
762,1720,生達            ,9,0,0,0,0,9
763,3528,安馳            ,7,0,2,2,0,9
764,3308,聯德            ,8,0,0,0,0,8
765,00661,元大日經225     ,0,0,8,0,8,8
766,1539,巨庭            ,5,0,3,3,0,8
767,6405,悅城            ,8,0,0,0,0,8
768,0052,富邦科技        ,-1,0,9,0,9,8
769,2062,橋椿            ,4,0,4,4,0,8
770,5546,永固-KY         ,8,0,0,0,0,8
771,1810,和成            ,7,0,1,1,0,8
772,2936,客思達-KY       ,6,0,1,1,0,7
773,3130,一零四          ,7,0,0,0,0,7
774,4562,穎漢            ,7,0,0,0,0,7
775,6172,互億            ,5,0,2,2,0,7
776,1735,日勝化          ,7,0,0,0,0,7
777,0057,富邦摩台        ,0,0,7,0,7,7
778,5538,東明-KY         ,6,0,1,1,0,7
779,1474,弘裕            ,4,0,3,3,0,7
780,3046,建碁            ,5,0,1,1,0,6
781,8442,威宏-KY         ,4,0,2,2,0,6
782,6625,必應            ,5,0,1,1,0,6
783,8940,新天地          ,6,0,0,0,0,6
784,6641,基士德-KY       ,6,0,0,0,0,6
785,910861,神州-DR         ,6,0,0,0,0,6
786,1531,高林股          ,3,0,3,3,0,6
787,2465,麗臺            ,6,0,0,0,0,6
788,4807,日成-KY         ,5,0,1,1,0,6
789,9931,欣高            ,6,0,0,0,0,6
790,1516,川飛            ,6,0,0,0,0,6
791,2382,廣達            ,399,-76,-318,-56,-262,5
792,4755,三福化          ,5,0,0,0,0,5
793,8488,吉源-KY         ,4,0,1,1,0,5
794,2438,翔耀            ,5,0,0,0,0,5
795,2891C,中信金丙特      ,0,0,5,5,0,5
796,0051,元大中型100     ,-1,0,6,0,6,5
797,1817,凱撒衛          ,5,0,0,0,0,5
798,00663L,國泰臺灣加權正2 ,1,0,4,0,4,5
799,8427,基勝-KY         ,4,0,1,1,0,5
800,6117,迎廣            ,2,0,2,2,0,4
801,6449,鈺邦            ,3,0,1,1,0,4
802,2491,吉祥全          ,4,0,0,0,0,4
803,1256,鮮活果汁-KY     ,3,0,0,0,0,3
804,1457,宜進            ,3,0,0,0,0,3
805,8467,波力-KY         ,3,0,0,0,0,3
806,3011,今皓            ,2,0,1,1,0,3
807,8497,格威傳媒        ,3,0,0,0,0,3
808,2881B,富邦金乙特      ,-2,0,5,5,0,3
809,2462,良得電          ,3,0,0,0,0,3
810,6415,矽力-KY         ,27,-26,1,1,0,2
811,4572,駐龍            ,2,0,0,0,0,2
812,1341,富林-KY         ,2,0,0,0,0,2
813,3416,融程電          ,0,0,2,2,0,2
814,1101B,台泥乙特        ,0,0,2,2,0,2
815,006204,永豐臺灣加權    ,0,0,2,0,2,2
816,1513,中興電          ,48,0,-46,-50,4,2
817,00625K,富邦上証+R      ,0,0,2,0,2,2
818,2348,海悅            ,-2,0,4,4,0,1
819,00689R,國泰20年美債反1 ,1,0,0,0,0,1
820,9912,偉聯            ,0,0,1,1,0,1
821,2424,隴華            ,1,0,0,0,0,1
822,4439,冠星-KY         ,1,0,0,0,0,1
823,6235,華孚            ,-5,0,6,6,0,1
824,6131,鈞泰            ,1,0,0,0,0,1
825,6666,羅麗芬-KY       ,1,0,0,0,0,1
826,5906,台南-KY         ,1,0,0,0,0,1
827,00636K,國泰中國A50+U   ,0,0,0,0,0,0
828,4190,佐登-KY         ,2,0,-2,1,-3,0
829,9941A,裕融甲特        ,0,0,0,0,0,0
830,00657,國泰日經225     ,0,0,0,0,0,0
831,00775B,新光投等債15+   ,1,0,-1,0,-1,0
832,00732,國泰RMB短期報酬 ,0,0,0,0,0,0
833,00707R,元大S&P日圓反1  ,0,0,0,0,0,0
834,00691R,兆豐藍籌30反1   ,0,0,0,0,0,0
835,3383,新世紀          ,0,0,0,0,0,0
836,00657K,國泰日經225+U   ,0,0,0,0,0,0
837,00668K,國泰美國道瓊+U  ,0,0,0,0,0,0
838,4557,永新-KY         ,0,0,0,0,0,0
839,00673R,元大S&P原油反1  ,0,0,0,0,0,0
840,2243,宏旭-KY         ,-1,0,0,0,0,-1
841,2838A,聯邦銀甲特      ,0,0,-1,-1,0,-1
842,0053,元大電子        ,0,0,-1,0,-1,-1
843,2903,遠百            ,-36,0,35,35,0,-1
844,3321,同泰            ,-1,0,0,0,0,-1
845,2464,盟立            ,-1,0,0,0,0,-1
846,00693U,街口S&P黃豆     ,0,0,-1,0,-1,-1
847,1626,艾美特-KY       ,-3,0,1,1,0,-2
848,00666R,富邦恒生國企反1 ,0,0,-2,0,-2,-2
849,8070,長華            ,-5,0,2,2,0,-3
850,02001L,富邦蘋果正二N   ,0,0,-3,0,-3,-3
851,00733,富邦臺灣中小    ,0,0,-3,0,-3,-3
852,4930,燦星網          ,-4,0,0,0,0,-4
853,4763,材料-KY         ,22,-20,-6,-6,0,-4
854,6209,今國光          ,-107,0,103,3,100,-4
855,2059,川湖            ,-8,0,4,4,0,-4
856,1312A,國喬特          ,0,0,-4,-4,0,-4
857,1737,臺鹽            ,-5,0,0,0,0,-5
858,1783,和康生          ,-6,0,1,1,0,-5
859,0055,元大MSCI金融    ,0,0,-5,0,-5,-5
860,2881A,富邦特          ,0,0,-5,-5,0,-5
861,9105,泰金寶-DR       ,-5,0,0,0,0,-5
862,8341,日友            ,14,-21,2,2,0,-5
863,2233,宇隆            ,33,-40,1,1,0,-6
864,2374,佳能            ,-15,0,8,8,0,-7
865,5706,鳳凰            ,-11,0,4,4,0,-7
866,4555,氣立            ,-8,0,0,0,0,-8
867,00711B,FH彭博新興債    ,0,0,-8,0,-8,-8
868,2466,冠西電          ,-11,0,3,3,0,-8
869,2731,雄獅            ,-9,0,0,0,0,-9
870,2357,華碩            ,104,-15,-99,-4,-95,-9
871,00715L,街口布蘭特油正2 ,0,0,-10,0,-10,-10
872,2816,旺旺保          ,-10,0,0,0,0,-10
873,2887F,台新戊特二      ,0,0,-10,-10,0,-10
874,00682U,元大美元指數    ,0,0,-10,0,-10,-10
875,2459,敦吉            ,-14,0,3,3,0,-11
876,2114,鑫永銓          ,-12,0,0,0,0,-12
877,3702A,大聯大甲特      ,-3,0,-10,-10,0,-13
878,00685L,群益臺灣加權正2 ,0,0,-14,0,-14,-14
879,6674,鋐寶科技        ,-14,0,0,0,0,-14
880,2536,宏普            ,-17,0,2,2,0,-15
881,2722,夏都            ,-15,0,0,0,0,-15
882,3008,大立光          ,-27,29,-17,-7,-10,-15
883,1472,三洋紡          ,-18,0,1,1,0,-17
884,6533,晶心科          ,-17,0,0,0,0,-17
885,2493,揚博            ,-31,0,13,13,0,-18
886,2030,彰源            ,-22,0,4,4,0,-18
887,00742,新光內需收益    ,0,0,-22,0,-22,-22
888,5283,禾聯碩          ,-3,-20,0,0,0,-23
889,2476,鉅祥            ,-23,0,0,0,0,-23
890,020011,統一微波高息20N ,0,0,-23,0,-23,-23
891,00757,統一FANG+       ,0,0,-24,0,-24,-24
892,5434,崇越            ,-35,0,11,-11,22,-24
893,00700,富邦恒生國企    ,0,0,-24,0,-24,-24
894,6215,和椿            ,-32,0,7,7,0,-25
895,2383,台光電          ,239,-42,-223,-189,-34,-25
896,9917,中保科          ,-41,-2,17,17,0,-26
897,2431,聯昌            ,-27,0,0,0,0,-27
898,00684R,元大美元指數反1 ,0,0,-27,0,-27,-27
899,4916,事欣科          ,-46,0,18,18,0,-28
900,3033,威健            ,26,0,-54,-54,0,-28
901,6205,詮欣            ,-31,0,2,2,0,-29
902,2236,百達-KY         ,-30,0,1,1,0,-29
903,5225,東科-KY         ,-30,0,1,1,0,-29
904,9955,佳龍            ,-29,0,-1,-1,0,-30
905,2351,順德            ,114,-147,0,0,0,-33
906,1608,華榮            ,-49,0,16,16,0,-33
907,1234,黑松            ,-38,0,3,3,0,-35
908,1439,中和            ,-38,0,2,2,0,-36
909,6670,復盛應用        ,-34,0,-5,0,-5,-39
910,00702,國泰標普低波高息,13,0,-53,0,-53,-40
911,01001T,土銀富邦R1      ,0,0,-40,-40,0,-40
912,1529,樂士            ,-41,0,1,1,0,-40
913,5521,工信            ,-41,0,1,1,0,-40
914,00645,富邦日本        ,0,0,-41,0,-41,-41
915,1558,伸興            ,-47,0,5,5,0,-42
916,2496,卓越            ,-43,0,0,0,0,-43
917,00683L,元大美元指數正2 ,0,0,-43,0,-43,-43
918,00662,富邦NASDAQ      ,-1,0,-46,0,-46,-47
919,6243,迅杰            ,-48,0,0,0,0,-48
920,1227,佳格            ,-72,0,14,14,0,-58
921,00680L,元大美債20正2   ,0,0,-61,0,-61,-61
922,2607,榮運            ,-94,0,33,33,0,-61
923,4560,強信-KY         ,-67,0,4,4,0,-63
924,2451,創見            ,300,-191,-172,8,-180,-63
925,9921,巨大            ,-30,-28,-5,-2,-3,-63
926,9802,鈺齊-KY         ,321,-360,-25,0,-25,-64
927,6277,宏正            ,-67,0,2,2,0,-65
928,4961,天鈺            ,-71,0,5,5,0,-66
929,3708,上緯投控        ,-62,-1,-4,0,-4,-67
930,1434,福懋            ,-153,632,-546,25,-571,-67
931,4108,懷特            ,-71,0,2,2,0,-69
932,6206,飛捷            ,-71,0,1,1,0,-70
933,00686R,群益臺灣加權反1 ,0,0,-71,0,-71,-71
934,6431,光麗-KY         ,-72,0,0,0,0,-72
935,8466,美吉吉-KY       ,-74,0,2,2,0,-72
936,020012,富邦行動通訊N   ,0,0,-72,0,-72,-72
937,3057,喬鼎            ,-72,0,0,0,0,-72
938,1102,亞泥            ,571,-26,-618,-175,-443,-72
939,2387,精元            ,-90,-110,126,102,24,-74
940,6715,嘉基            ,-100,-40,65,64,1,-75
941,1477,聚陽            ,-247,-263,434,306,128,-76
942,9188,精熙-DR         ,-76,0,0,0,0,-76
943,2882A,國泰特          ,-2,0,-74,-74,0,-76
944,2231,為升            ,-85,0,8,1,7,-77
945,4722,國精化          ,-82,0,4,4,0,-78
946,5608,四維航          ,-89,0,6,6,0,-83
947,00635U,元大S&P黃金     ,0,0,-83,0,-83,-83
948,9958,世紀鋼          ,14,0,-98,-105,7,-84
949,00710B,FH彭博高收益債  ,0,0,-85,0,-85,-85
950,4564,元翎            ,-92,0,5,3,2,-87
951,2109,華豐            ,-89,0,2,2,0,-87
952,2809,京城銀          ,730,-3,-815,-341,-474,-88
953,00753L,中信中國50正2   ,27,0,-116,0,-116,-89
954,00668,國泰美國道瓊    ,-4,0,-86,0,-86,-90
955,2480,敦陽科          ,-98,0,6,6,0,-92
956,1723,中碳            ,-99,0,5,5,0,-94
957,00647L,元大S&P500正2   ,0,0,-95,0,-95,-95
958,1467,南緯            ,-100,0,3,3,0,-97
959,9933,中鼎            ,208,0,-310,10,-320,-102
960,9136,巨騰-DR         ,-153,0,50,50,0,-103
961,00672L,元大S&P原油正2  ,0,0,-106,0,-106,-106
962,4746,台耀            ,-118,0,4,4,0,-114
963,00771,元大US高息特別股,0,0,-115,0,-115,-115
964,4414,如興            ,-154,0,38,38,0,-116
965,6141,柏承            ,-119,0,2,2,0,-117
966,2915,潤泰全          ,24,0,-145,39,-184,-121
967,8011,台通            ,-124,0,2,2,0,-122
968,6139,亞翔            ,-121,0,-3,0,-3,-124
969,1734,杏輝            ,-124,0,0,0,0,-124
970,1215,卜蜂            ,-129,0,-4,0,-4,-133
971,1702,南僑            ,-148,0,15,15,0,-133
972,3003,健和興          ,-153,0,1,0,1,-152
973,9907,統一實          ,-188,0,35,35,0,-153
974,3040,遠見            ,-156,0,1,1,0,-155
975,3022,威強電          ,-160,0,0,0,0,-160
976,9911,櫻花            ,-134,-48,19,19,0,-163
977,020016,統一MSCI美科技N ,0,0,-169,0,-169,-169
978,8422,可寧衛          ,-203,34,0,0,0,-169
979,2439,美律            ,-199,9,19,42,-23,-171
980,2365,昆盈            ,-176,0,3,3,0,-173
981,3450,聯鈞            ,-348,16,143,-10,153,-189
982,3563,牧德            ,36,-217,-11,-4,-7,-192
983,2615,萬海            ,-310,38,75,75,0,-197
984,2302,麗正            ,-211,0,0,0,0,-211
985,1536,和大            ,-27,-160,-26,0,-26,-213
986,8028,昇陽半導體      ,-109,0,-109,-1,-108,-218
987,2637,慧洋-KY         ,-257,3,29,29,0,-225
988,3062,建漢            ,-237,0,9,9,0,-228
989,1310,台苯            ,-221,0,-10,15,-25,-231
990,5264,鎧勝-KY         ,594,-300,-530,-456,-74,-236
991,2548,華固            ,-262,0,25,25,0,-237
992,5215,科嘉-KY         ,-141,-117,15,15,0,-243
993,3047,訊舟            ,-248,0,2,2,0,-246
994,8249,菱光            ,-253,0,5,5,0,-248
995,9910,豐泰            ,-282,8,21,10,11,-253
996,1731,美吾華          ,-270,0,1,1,0,-269
997,2636,台驊投控        ,-269,0,0,0,0,-269
998,1560,中砂            ,-235,0,-45,-45,0,-280
999,1582,信錦            ,-272,0,-24,4,-28,-296
1000,3712,永崴投控        ,-275,0,-30,0,-30,-305
1001,8105,凌巨            ,-328,0,22,22,0,-306
1002,2457,飛宏            ,-348,0,20,20,0,-328
1003,3535,晶彩科          ,-334,0,1,1,0,-333
1004,2425,承啟            ,-345,0,1,1,0,-344
1005,6112,聚碩            ,-353,0,1,1,0,-352
1006,3669,圓展            ,-449,0,95,95,0,-354
1007,3014,聯陽            ,-457,0,51,6,45,-406
1008,3017,奇鋐            ,-766,0,353,250,103,-413
1009,3049,和鑫            ,-438,0,21,21,0,-417
1010,8081,致新            ,-355,0,-68,-7,-61,-423
1011,4551,智伸科          ,-42,-188,-220,-257,37,-450
1012,2417,圓剛            ,-212,0,-248,-248,0,-460
1013,4142,國光生          ,-479,0,6,6,0,-473
1014,4164,承業醫          ,-393,0,-82,-82,0,-475
1015,1711,永光            ,-491,0,16,16,0,-475
1016,00676R,富邦臺灣加權反1 ,0,0,-498,0,-498,-498
1017,2542,興富發          ,-541,0,11,11,0,-530
1018,1440,南紡            ,-606,0,65,65,0,-541
1019,6573,虹揚-KY         ,-560,0,0,0,0,-560
1020,1476,儒鴻            ,-634,6,65,74,-9,-563
1021,3557,嘉威            ,-566,0,2,2,0,-564
1022,6285,啟碁            ,-1197,612,7,-56,63,-578
1023,6288,聯嘉            ,-622,0,-1,-1,0,-623
1024,1504,東元            ,-673,-18,37,35,2,-654
1025,6456,GIS-KY          ,-447,-38,-188,-2,-186,-673
1026,2504,國產            ,-1192,0,518,1390,-872,-674
1027,2379,瑞昱            ,-819,85,56,93,-37,-678
1028,00717,富邦美國特別股  ,198,0,-878,0,-878,-680
1029,00650L,FH香港正2       ,0,0,-686,0,-686,-686
1030,2006,東和鋼鐵        ,-766,-3,81,81,0,-688
1031,3056,總太            ,-721,0,30,-2,32,-691
1032,6706,惠特            ,-633,5,-66,-71,5,-694
1033,3045,台灣大          ,-242,-34,-479,-479,0,-755
1034,6177,達麗            ,-816,0,6,6,0,-810
1035,2421,建準            ,-1490,0,665,2,663,-825
1036,6239,力成            ,-448,-290,-94,25,-119,-832
1037,2359,所羅門          ,-840,0,2,2,0,-838
1038,2472,立隆電          ,-868,0,30,30,0,-838
1039,00708L,元大S&P黃金正2  ,0,0,-849,0,-849,-849
1040,00712,FH富時不動產    ,-119,0,-820,0,-820,-939
1041,2356,英業達          ,-857,952,-1058,99,-1157,-963
1042,3704,合勤控          ,-844,0,-143,13,-156,-987
1043,4958,臻鼎-KY         ,-904,-455,372,266,106,-987
1044,3576,聯合再生        ,-995,0,0,0,0,-995
1045,1229,聯華            ,-1053,0,30,30,0,-1023
1046,6176,瑞儀            ,-3310,213,2035,483,1552,-1062
1047,3545,敦泰            ,-1133,0,65,22,43,-1068
1048,3016,嘉晶            ,-368,0,-755,-51,-704,-1123
1049,5469,瀚宇博          ,-3161,707,1290,955,335,-1164
1050,00631L,元大台灣50正2   ,-448,0,-726,-15,-711,-1174
1051,4960,誠美材          ,-1206,0,11,11,0,-1195
1052,6191,精成科          ,-1237,0,14,14,0,-1223
1053,9946,三發地產        ,-1275,0,0,0,0,-1275
1054,8039,台虹            ,-294,0,-981,-432,-549,-1275
1055,2371,大同            ,-1857,0,468,460,8,-1389
1056,00656R,國泰中國A50反1  ,-322,0,-1088,0,-1088,-1410
1057,6269,台郡            ,-2545,1174,-115,135,-250,-1486
1058,8112,至上            ,-1587,0,26,26,0,-1561
1059,2201,裕隆            ,676,-1958,-327,-361,34,-1609
1060,2436,偉詮電          ,-1700,0,15,15,0,-1685
1061,2332,友訊            ,-2115,0,410,103,307,-1705
1062,00664R,國泰臺灣加權反1 ,1,0,-1768,0,-1768,-1767
1063,3653,健策            ,-1716,-6,-181,-31,-150,-1903
1064,6257,矽格            ,-2698,1000,-486,-83,-403,-2184
1065,00852L,國泰美國道瓊正2 ,-1183,0,-1011,0,-1011,-2194
1066,2327,國巨            ,-2675,-697,285,140,145,-3087
1067,2367,燿華            ,-4978,0,574,214,360,-4404
1068,00653L,富邦印度正2     ,-2846,0,-1560,0,-1560,-4406
1069,00634R,富邦上証反1     ,-773,0,-4490,0,-4490,-5263
1070,00632R,元大台灣50反1   ,6437,0,-11773,-1671,-10102,-5336
1071,3711,日月光投控      ,-7079,-82,135,134,1,-7026
1072,00638R,元大滬深300反1  ,-98,0,-7676,-4651,-3025,-7774
1073,00677U,富邦VIX         ,-61070,0,-46622,-200,-46422,-107692
